{
  "smithing_table_screen": {
    "$use_smithing_table_2_ui|default": false,
    "variables": [
      {
        "requires": "($desktop_screen and not $use_smithing_table_2_ui)",
        "$screen_content": "smithing_table_dx.center_screen",
        "$screen_center_content": "smithing_table_dx.no_safezone_center_screen",
        "$screen_bg_content": "smithing_table_dx.full_screen"
      },
      {
        "requires": "($desktop_screen and $use_smithing_table_2_ui)",
        "$screen_content": "smithing_table_2_dx.center_screen",
        "$screen_center_content": "smithing_table_2_dx.no_safezone_center_screen",
        "$screen_bg_content": "smithing_table_2_dx.full_screen"
      },
      {
        "requires": "($pocket_screen and not $use_smithing_table_2_ui)",
        "$screen_content": "smithing_table_pocket.smithing_table_panel"
      },
      {
        "requires": "($pocket_screen and $use_smithing_table_2_ui)",
        "$screen_content": "smithing_table_2_pocket.smithing_table_panel"
      }
    ]
  }
}